-- ============================================================
-- LIBRARY MANAGEMENT SYSTEM — Seed Data
-- Realistic data for Thapar Institute Library demo
-- ============================================================

-- STAFF
INSERT INTO staff (staff_id, name, email, role, mobile_no, join_date) VALUES
  ('00000000-0000-0000-0000-000000000001', 'Rajesh Kumar',    'admin@library.thapar.edu',      'Admin',     '9876543201', '2020-01-15'),
  ('00000000-0000-0000-0000-000000000002', 'Sunita Sharma',   'sunita@library.thapar.edu',     'Librarian', '9876543202', '2021-03-01'),
  ('00000000-0000-0000-0000-000000000003', 'Mohan Lal',       'mohan@library.thapar.edu',      'Librarian', '9876543203', '2022-06-15');

-- BOOKS
INSERT INTO book (book_id, isbn, title, genre, publisher, edition, year_published) VALUES
  ('10000000-0000-0000-0000-000000000001', '978-0072465631', 'Database System Concepts',            'Computer Science', 'McGraw-Hill',       '7th', 2019),
  ('10000000-0000-0000-0000-000000000002', '978-0133762648', 'Operating System Concepts',           'Computer Science', 'Wiley',             '10th', 2018),
  ('10000000-0000-0000-0000-000000000003', '978-0262033848', 'Introduction to Algorithms',          'Computer Science', 'MIT Press',         '4th', 2022),
  ('10000000-0000-0000-0000-000000000004', '978-0132126953', 'Computer Networks',                   'Computer Science', 'Pearson',           '5th', 2010),
  ('10000000-0000-0000-0000-000000000005', '978-0451524935', '1984',                                'Fiction',          'Signet Classic',    '1st', 1949),
  ('10000000-0000-0000-0000-000000000006', '978-0062315007', 'The Alchemist',                       'Fiction',          'HarperCollins',     '25th Anniversary', 1988),
  ('10000000-0000-0000-0000-000000000007', '978-0441013593', 'Dune',                                'Fiction',          'Ace Books',         '1st', 1965),
  ('10000000-0000-0000-0000-000000000008', '978-0071422994', 'Discrete Mathematics and Its Applications', 'Mathematics', 'McGraw-Hill',   '8th', 2018),
  ('10000000-0000-0000-0000-000000000009', '978-0980232714', 'Introduction to Linear Algebra',     'Mathematics',      'Wellesley-Cambridge', '5th', 2016),
  ('10000000-0000-0000-0000-000000000010', '978-0321747754', 'Sapiens: A Brief History of Humankind', 'History',       'Harper',            '1st', 2014),
  ('10000000-0000-0000-0000-000000000011', '978-0735211292', 'Atomic Habits',                       'Self-Help',        'Avery',             '1st', 2018),
  ('10000000-0000-0000-0000-000000000012', '978-1455586691', 'Deep Work',                           'Self-Help',        'Grand Central',     '1st', 2016),
  ('10000000-0000-0000-0000-000000000013', '978-0073380155', 'Engineering Mechanics: Dynamics',     'Engineering',      'McGraw-Hill',       '14th', 2015),
  ('10000000-0000-0000-0000-000000000014', '978-0198520108', 'The Story of Philosophy',             'History',          'Pocket Books',      '1st', 1926),
  ('10000000-0000-0000-0000-000000000015', '978-0131429871', 'The C Programming Language',          'Computer Science', 'Prentice Hall',     '2nd', 1988);

-- AUTHORS
INSERT INTO author (author_id, name, nationality, bio) VALUES
  ('20000000-0000-0000-0000-000000000001', 'Abraham Silberschatz', 'American',    'Professor at Yale, co-author of OS Concepts and Database System Concepts.'),
  ('20000000-0000-0000-0000-000000000002', 'Henry F. Korth',       'American',    'Co-author of Database System Concepts.'),
  ('20000000-0000-0000-0000-000000000003', 'S. Sudarshan',         'Indian',      'Professor at IIT Bombay, co-author of Database System Concepts.'),
  ('20000000-0000-0000-0000-000000000004', 'Peter Galvin',         'American',    'Co-author of Operating System Concepts.'),
  ('20000000-0000-0000-0000-000000000005', 'Thomas H. Cormen',     'American',    'Professor at Dartmouth, lead author of CLRS Algorithms.'),
  ('20000000-0000-0000-0000-000000000006', 'Charles E. Leiserson', 'American',    'Professor at MIT, co-author of CLRS.'),
  ('20000000-0000-0000-0000-000000000007', 'Ronald L. Rivest',     'American',    'Turing Award winner, co-author of CLRS and RSA algorithm.'),
  ('20000000-0000-0000-0000-000000000008', 'Andrew S. Tanenbaum',  'American',    'Professor at Vrije Universiteit Amsterdam, author of Computer Networks.'),
  ('20000000-0000-0000-0000-000000000009', 'George Orwell',        'British',     'English novelist and essayist, author of 1984 and Animal Farm.'),
  ('20000000-0000-0000-0000-000000000010', 'Paulo Coelho',         'Brazilian',   'Brazilian lyricist and novelist, best known for The Alchemist.'),
  ('20000000-0000-0000-0000-000000000011', 'James Clear',          'American',    'Author and speaker focused on habits, decision making, and continuous improvement.'),
  ('20000000-0000-0000-0000-000000000012', 'Yuval Noah Harari',    'Israeli',     'Professor at Hebrew University of Jerusalem, author of Sapiens and Homo Deus.'),
  ('20000000-0000-0000-0000-000000000013', 'Gilbert Strang',       'American',    'Professor at MIT, known for linear algebra and calculus textbooks.'),
  ('20000000-0000-0000-0000-000000000014', 'Cal Newport',          'American',    'Professor at Georgetown, author of Deep Work and Digital Minimalism.'),
  ('20000000-0000-0000-0000-000000000015', 'Frank Herbert',        'American',    'Author of the Dune science fiction series.'),
  ('20000000-0000-0000-0000-000000000016', 'Kenneth Rosen',        'American',    'Author of Discrete Mathematics and its Applications.');

-- BOOK_AUTHOR (junction table — demonstrates M:M relationship)
INSERT INTO book_author (book_id, author_id) VALUES
  -- Database System Concepts: 3 authors
  ('10000000-0000-0000-0000-000000000001', '20000000-0000-0000-0000-000000000001'),
  ('10000000-0000-0000-0000-000000000001', '20000000-0000-0000-0000-000000000002'),
  ('10000000-0000-0000-0000-000000000001', '20000000-0000-0000-0000-000000000003'),
  -- OS Concepts: 2 authors
  ('10000000-0000-0000-0000-000000000002', '20000000-0000-0000-0000-000000000001'),
  ('10000000-0000-0000-0000-000000000002', '20000000-0000-0000-0000-000000000004'),
  -- CLRS Algorithms: 3 authors
  ('10000000-0000-0000-0000-000000000003', '20000000-0000-0000-0000-000000000005'),
  ('10000000-0000-0000-0000-000000000003', '20000000-0000-0000-0000-000000000006'),
  ('10000000-0000-0000-0000-000000000003', '20000000-0000-0000-0000-000000000007'),
  -- Computer Networks
  ('10000000-0000-0000-0000-000000000004', '20000000-0000-0000-0000-000000000008'),
  -- Fiction
  ('10000000-0000-0000-0000-000000000005', '20000000-0000-0000-0000-000000000009'),
  ('10000000-0000-0000-0000-000000000006', '20000000-0000-0000-0000-000000000010'),
  ('10000000-0000-0000-0000-000000000007', '20000000-0000-0000-0000-000000000015'),
  -- Discrete Mathematics
  ('10000000-0000-0000-0000-000000000008', '20000000-0000-0000-0000-000000000016'),
  -- Linear Algebra
  ('10000000-0000-0000-0000-000000000009', '20000000-0000-0000-0000-000000000013'),
  -- Sapiens
  ('10000000-0000-0000-0000-000000000010', '20000000-0000-0000-0000-000000000012'),
  -- Atomic Habits
  ('10000000-0000-0000-0000-000000000011', '20000000-0000-0000-0000-000000000011'),
  -- Deep Work
  ('10000000-0000-0000-0000-000000000012', '20000000-0000-0000-0000-000000000014'),
  -- C Programming
  ('10000000-0000-0000-0000-000000000015', '20000000-0000-0000-0000-000000000008');

-- MEMBERS (10 members — mix of types and statuses)
INSERT INTO member (member_id, name, email, mobile_no, date_of_birth, membership_type, join_date, status) VALUES
  ('30000000-0000-0000-0000-000000000001', 'Arjun Sharma',    'arjun.sharma@thapar.edu',    '8801234501', '2004-03-15', 'Student',  '2022-08-01', 'Active'),
  ('30000000-0000-0000-0000-000000000002', 'Priya Patel',     'priya.patel@thapar.edu',     '8801234502', '2004-07-22', 'Student',  '2022-08-01', 'Active'),
  ('30000000-0000-0000-0000-000000000003', 'Rohan Verma',     'rohan.verma@thapar.edu',     '8801234503', '2003-11-30', 'Student',  '2021-08-01', 'Active'),
  ('30000000-0000-0000-0000-000000000004', 'Ananya Singh',    'ananya.singh@thapar.edu',    '8801234504', '2005-01-10', 'Student',  '2023-08-01', 'Active'),
  ('30000000-0000-0000-0000-000000000005', 'Dr. Vikram Nair', 'vikram.nair@thapar.edu',     '8801234505', '1980-05-18', 'Faculty',  '2018-07-01', 'Active'),
  ('30000000-0000-0000-0000-000000000006', 'Prof. Kavita Reddy', 'kavita.reddy@thapar.edu', '8801234506', '1975-09-25', 'Faculty',  '2015-01-15', 'Active'),
  ('30000000-0000-0000-0000-000000000007', 'Sanjay Mehta',    'sanjay.mehta@gmail.com',     '8801234507', '1995-12-05', 'Standard', '2023-01-10', 'Active'),
  ('30000000-0000-0000-0000-000000000008', 'Deepika Joshi',   'deepika.joshi@gmail.com',    '8801234508', '2003-06-14', 'Student',  '2023-08-01', 'Suspended'),
  ('30000000-0000-0000-0000-000000000009', 'Amit Kumar',      'amit.kumar@gmail.com',       '8801234509', '1990-04-20', 'Premium',  '2020-03-01', 'Active'),
  ('30000000-0000-0000-0000-000000000010', 'Neha Gupta',      'neha.gupta@thapar.edu',      '8801234510', '1978-08-08', 'Faculty',  '2010-06-01', 'Active');

-- BOOK_COPIES (30 copies across 15 books — mix of conditions and statuses)
INSERT INTO book_copy (copy_id, book_id, condition, availability_status, location_shelf) VALUES
  -- Database System Concepts (3 copies)
  ('40000000-0000-0000-0000-000000000001', '10000000-0000-0000-0000-000000000001', 'Good',  'Available',   'CS-A1'),
  ('40000000-0000-0000-0000-000000000002', '10000000-0000-0000-0000-000000000001', 'New',   'Issued',      'CS-A1'),
  ('40000000-0000-0000-0000-000000000003', '10000000-0000-0000-0000-000000000001', 'Fair',  'Available',   'CS-A1'),
  -- OS Concepts (2 copies)
  ('40000000-0000-0000-0000-000000000004', '10000000-0000-0000-0000-000000000002', 'Good',  'Issued',      'CS-A2'),
  ('40000000-0000-0000-0000-000000000005', '10000000-0000-0000-0000-000000000002', 'New',   'Available',   'CS-A2'),
  -- CLRS (2 copies)
  ('40000000-0000-0000-0000-000000000006', '10000000-0000-0000-0000-000000000003', 'Good',  'Issued',      'CS-B1'),
  ('40000000-0000-0000-0000-000000000007', '10000000-0000-0000-0000-000000000003', 'Fair',  'Available',   'CS-B1'),
  -- Computer Networks (2 copies)
  ('40000000-0000-0000-0000-000000000008', '10000000-0000-0000-0000-000000000004', 'Good',  'Available',   'CS-B2'),
  ('40000000-0000-0000-0000-000000000009', '10000000-0000-0000-0000-000000000004', 'Poor',  'Maintenance', 'CS-B2'),
  -- 1984 (2 copies)
  ('40000000-0000-0000-0000-000000000010', '10000000-0000-0000-0000-000000000005', 'Good',  'Issued',      'FIC-A1'),
  ('40000000-0000-0000-0000-000000000011', '10000000-0000-0000-0000-000000000005', 'Good',  'Available',   'FIC-A1'),
  -- The Alchemist (2 copies)
  ('40000000-0000-0000-0000-000000000012', '10000000-0000-0000-0000-000000000006', 'New',   'Available',   'FIC-A2'),
  ('40000000-0000-0000-0000-000000000013', '10000000-0000-0000-0000-000000000006', 'Good',  'Issued',      'FIC-A2'),
  -- Dune (1 copy)
  ('40000000-0000-0000-0000-000000000014', '10000000-0000-0000-0000-000000000007', 'Fair',  'Available',   'FIC-B1'),
  -- Discrete Math (3 copies)
  ('40000000-0000-0000-0000-000000000015', '10000000-0000-0000-0000-000000000008', 'Good',  'Issued',      'MATH-A1'),
  ('40000000-0000-0000-0000-000000000016', '10000000-0000-0000-0000-000000000008', 'Good',  'Available',   'MATH-A1'),
  ('40000000-0000-0000-0000-000000000017', '10000000-0000-0000-0000-000000000008', 'New',   'Available',   'MATH-A1'),
  -- Linear Algebra (2 copies)
  ('40000000-0000-0000-0000-000000000018', '10000000-0000-0000-0000-000000000009', 'Good',  'Available',   'MATH-B1'),
  ('40000000-0000-0000-0000-000000000019', '10000000-0000-0000-0000-000000000009', 'Fair',  'Issued',      'MATH-B1'),
  -- Sapiens (2 copies)
  ('40000000-0000-0000-0000-000000000020', '10000000-0000-0000-0000-000000000010', 'Good',  'Available',   'HIST-A1'),
  ('40000000-0000-0000-0000-000000000021', '10000000-0000-0000-0000-000000000010', 'New',   'Available',   'HIST-A1'),
  -- Atomic Habits (2 copies)
  ('40000000-0000-0000-0000-000000000022', '10000000-0000-0000-0000-000000000011', 'New',   'Available',   'SELF-A1'),
  ('40000000-0000-0000-0000-000000000023', '10000000-0000-0000-0000-000000000011', 'Good',  'Available',   'SELF-A1'),
  -- Deep Work (1 copy)
  ('40000000-0000-0000-0000-000000000024', '10000000-0000-0000-0000-000000000012', 'Good',  'Issued',      'SELF-B1'),
  -- Engineering Mechanics (1 copy)
  ('40000000-0000-0000-0000-000000000025', '10000000-0000-0000-0000-000000000013', 'Good',  'Available',   'ENG-A1'),
  -- Story of Philosophy (1 copy)
  ('40000000-0000-0000-0000-000000000026', '10000000-0000-0000-0000-000000000014', 'Fair',  'Available',   'HIST-B1'),
  -- C Programming (2 copies)
  ('40000000-0000-0000-0000-000000000027', '10000000-0000-0000-0000-000000000015', 'Good',  'Available',   'CS-C1'),
  ('40000000-0000-0000-0000-000000000028', '10000000-0000-0000-0000-000000000015', 'Good',  'Maintenance', 'CS-C1'),
  -- Extra copies for variety
  ('40000000-0000-0000-0000-000000000029', '10000000-0000-0000-0000-000000000001', 'New',   'Available',   'CS-A1'),
  ('40000000-0000-0000-0000-000000000030', '10000000-0000-0000-0000-000000000003', 'Good',  'Available',   'CS-B1');

-- ISSUES (historical + active — spread over 12 weeks for trend chart)
-- Historical completed returns (no triggers needed as we insert directly with final status)
INSERT INTO issue (issue_id, copy_id, member_id, staff_id, issue_date, due_date, return_date, status) VALUES
  -- Completed issues (past 12 weeks)
  ('50000000-0000-0000-0000-000000000001', '40000000-0000-0000-0000-000000000001', '30000000-0000-0000-0000-000000000001', '00000000-0000-0000-0000-000000000002', CURRENT_DATE - 84, CURRENT_DATE - 70, CURRENT_DATE - 72, 'Returned'),
  ('50000000-0000-0000-0000-000000000002', '40000000-0000-0000-0000-000000000005', '30000000-0000-0000-0000-000000000002', '00000000-0000-0000-0000-000000000002', CURRENT_DATE - 77, CURRENT_DATE - 63, CURRENT_DATE - 65, 'Returned'),
  ('50000000-0000-0000-0000-000000000003', '40000000-0000-0000-0000-000000000007', '30000000-0000-0000-0000-000000000003', '00000000-0000-0000-0000-000000000003', CURRENT_DATE - 70, CURRENT_DATE - 56, CURRENT_DATE - 58, 'Returned'),
  ('50000000-0000-0000-0000-000000000004', '40000000-0000-0000-0000-000000000011', '30000000-0000-0000-0000-000000000005', '00000000-0000-0000-0000-000000000002', CURRENT_DATE - 63, CURRENT_DATE - 49, CURRENT_DATE - 51, 'Returned'),
  ('50000000-0000-0000-0000-000000000005', '40000000-0000-0000-0000-000000000014', '30000000-0000-0000-0000-000000000006', '00000000-0000-0000-0000-000000000003', CURRENT_DATE - 56, CURRENT_DATE - 42, CURRENT_DATE - 44, 'Returned'),
  ('50000000-0000-0000-0000-000000000006', '40000000-0000-0000-0000-000000000016', '30000000-0000-0000-0000-000000000009', '00000000-0000-0000-0000-000000000002', CURRENT_DATE - 49, CURRENT_DATE - 35, CURRENT_DATE - 37, 'Returned'),
  ('50000000-0000-0000-0000-000000000007', '40000000-0000-0000-0000-000000000018', '30000000-0000-0000-0000-000000000001', '00000000-0000-0000-0000-000000000003', CURRENT_DATE - 42, CURRENT_DATE - 28, CURRENT_DATE - 30, 'Returned'),
  ('50000000-0000-0000-0000-000000000008', '40000000-0000-0000-0000-000000000020', '30000000-0000-0000-0000-000000000010', '00000000-0000-0000-0000-000000000002', CURRENT_DATE - 35, CURRENT_DATE - 21, CURRENT_DATE - 23, 'Returned'),
  ('50000000-0000-0000-0000-000000000009', '40000000-0000-0000-0000-000000000022', '30000000-0000-0000-0000-000000000007', '00000000-0000-0000-0000-000000000003', CURRENT_DATE - 28, CURRENT_DATE - 14, CURRENT_DATE - 16, 'Returned'),
  ('50000000-0000-0000-0000-000000000010', '40000000-0000-0000-0000-000000000025', '30000000-0000-0000-0000-000000000005', '00000000-0000-0000-0000-000000000002', CURRENT_DATE - 21, CURRENT_DATE - 7,  CURRENT_DATE - 9,  'Returned'),
  ('50000000-0000-0000-0000-000000000011', '40000000-0000-0000-0000-000000000026', '30000000-0000-0000-0000-000000000006', '00000000-0000-0000-0000-000000000003', CURRENT_DATE - 80, CURRENT_DATE - 66, CURRENT_DATE - 68, 'Returned'),
  ('50000000-0000-0000-0000-000000000012', '40000000-0000-0000-0000-000000000027', '30000000-0000-0000-0000-000000000003', '00000000-0000-0000-0000-000000000002', CURRENT_DATE - 75, CURRENT_DATE - 61, CURRENT_DATE - 63, 'Returned'),
  ('50000000-0000-0000-0000-000000000013', '40000000-0000-0000-0000-000000000012', '30000000-0000-0000-0000-000000000009', '00000000-0000-0000-0000-000000000003', CURRENT_DATE - 68, CURRENT_DATE - 54, CURRENT_DATE - 56, 'Returned'),
  ('50000000-0000-0000-0000-000000000014', '40000000-0000-0000-0000-000000000008', '30000000-0000-0000-0000-000000000010', '00000000-0000-0000-0000-000000000002', CURRENT_DATE - 61, CURRENT_DATE - 47, CURRENT_DATE - 49, 'Returned'),
  ('50000000-0000-0000-0000-000000000015', '40000000-0000-0000-0000-000000000023', '30000000-0000-0000-0000-000000000007', '00000000-0000-0000-0000-000000000003', CURRENT_DATE - 54, CURRENT_DATE - 40, CURRENT_DATE - 42, 'Returned'),
  ('50000000-0000-0000-0000-000000000016', '40000000-0000-0000-0000-000000000017', '30000000-0000-0000-0000-000000000004', '00000000-0000-0000-0000-000000000002', CURRENT_DATE - 47, CURRENT_DATE - 33, CURRENT_DATE - 35, 'Returned'),
  ('50000000-0000-0000-0000-000000000017', '40000000-0000-0000-0000-000000000003', '30000000-0000-0000-0000-000000000002', '00000000-0000-0000-0000-000000000003', CURRENT_DATE - 40, CURRENT_DATE - 26, CURRENT_DATE - 28, 'Returned'),
  ('50000000-0000-0000-0000-000000000018', '40000000-0000-0000-0000-000000000029', '30000000-0000-0000-0000-000000000001', '00000000-0000-0000-0000-000000000002', CURRENT_DATE - 33, CURRENT_DATE - 19, CURRENT_DATE - 21, 'Returned'),
  ('50000000-0000-0000-0000-000000000019', '40000000-0000-0000-0000-000000000030', '30000000-0000-0000-0000-000000000009', '00000000-0000-0000-0000-000000000003', CURRENT_DATE - 26, CURRENT_DATE - 12, CURRENT_DATE - 14, 'Returned'),
  ('50000000-0000-0000-0000-000000000020', '40000000-0000-0000-0000-000000000021', '30000000-0000-0000-0000-000000000010', '00000000-0000-0000-0000-000000000002', CURRENT_DATE - 19, CURRENT_DATE - 5,  CURRENT_DATE - 6,  'Returned'),
  ('50000000-0000-0000-0000-000000000021', '40000000-0000-0000-0000-000000000013', '30000000-0000-0000-0000-000000000004', '00000000-0000-0000-0000-000000000003', CURRENT_DATE - 88, CURRENT_DATE - 74, CURRENT_DATE - 76, 'Returned'),
  ('50000000-0000-0000-0000-000000000022', '40000000-0000-0000-0000-000000000011', '30000000-0000-0000-0000-000000000007', '00000000-0000-0000-0000-000000000002', CURRENT_DATE - 81, CURRENT_DATE - 67, CURRENT_DATE - 70, 'Returned'),
  ('50000000-0000-0000-0000-000000000023', '40000000-0000-0000-0000-000000000001', '30000000-0000-0000-0000-000000000006', '00000000-0000-0000-0000-000000000003', CURRENT_DATE - 74, CURRENT_DATE - 60, CURRENT_DATE - 62, 'Returned'),
  ('50000000-0000-0000-0000-000000000024', '40000000-0000-0000-0000-000000000016', '30000000-0000-0000-0000-000000000003', '00000000-0000-0000-0000-000000000002', CURRENT_DATE - 67, CURRENT_DATE - 53, CURRENT_DATE - 55, 'Returned'),
  ('50000000-0000-0000-0000-000000000025', '40000000-0000-0000-0000-000000000020', '30000000-0000-0000-0000-000000000005', '00000000-0000-0000-0000-000000000003', CURRENT_DATE - 60, CURRENT_DATE - 46, CURRENT_DATE - 48, 'Returned');

-- ACTIVE ISSUES (8 currently borrowed — matching the 8 Issued copies)
-- 3 of these are overdue (due_date in past)
INSERT INTO issue (issue_id, copy_id, member_id, staff_id, issue_date, due_date, return_date, status) VALUES
  -- Active, not overdue
  ('50000000-0000-0000-0000-000000000026', '40000000-0000-0000-0000-000000000002', '30000000-0000-0000-0000-000000000001', '00000000-0000-0000-0000-000000000002', CURRENT_DATE - 7,  CURRENT_DATE + 7,  NULL, 'Active'),
  ('50000000-0000-0000-0000-000000000027', '40000000-0000-0000-0000-000000000005', '30000000-0000-0000-0000-000000000002', '00000000-0000-0000-0000-000000000003', CURRENT_DATE - 5,  CURRENT_DATE + 9,  NULL, 'Active'),
  ('50000000-0000-0000-0000-000000000028', '40000000-0000-0000-0000-000000000006', '30000000-0000-0000-0000-000000000005', '00000000-0000-0000-0000-000000000002', CURRENT_DATE - 3,  CURRENT_DATE + 11, NULL, 'Active'),
  ('50000000-0000-0000-0000-000000000029', '40000000-0000-0000-0000-000000000013', '30000000-0000-0000-0000-000000000009', '00000000-0000-0000-0000-000000000003', CURRENT_DATE - 10, CURRENT_DATE + 4,  NULL, 'Active'),
  ('50000000-0000-0000-0000-000000000030', '40000000-0000-0000-0000-000000000024', '30000000-0000-0000-0000-000000000006', '00000000-0000-0000-0000-000000000002', CURRENT_DATE - 8,  CURRENT_DATE + 6,  NULL, 'Active'),
  -- OVERDUE (due_date in past — Deepika Joshi, suspended member)
  ('50000000-0000-0000-0000-000000000031', '40000000-0000-0000-0000-000000000010', '30000000-0000-0000-0000-000000000008', '00000000-0000-0000-0000-000000000002', CURRENT_DATE - 30, CURRENT_DATE - 16, NULL, 'Active'),
  ('50000000-0000-0000-0000-000000000032', '40000000-0000-0000-0000-000000000015', '30000000-0000-0000-0000-000000000008', '00000000-0000-0000-0000-000000000003', CURRENT_DATE - 25, CURRENT_DATE - 11, NULL, 'Active'),
  -- Overdue by Rohan (3 days, shows fine calculation)
  ('50000000-0000-0000-0000-000000000033', '40000000-0000-0000-0000-000000000019', '30000000-0000-0000-0000-000000000003', '00000000-0000-0000-0000-000000000002', CURRENT_DATE - 17, CURRENT_DATE - 3,  NULL, 'Active');

-- RESERVATIONS
INSERT INTO reservation (reservation_id, book_id, member_id, reservation_date, expiry_date, status) VALUES
  ('60000000-0000-0000-0000-000000000001', '10000000-0000-0000-0000-000000000003', '30000000-0000-0000-0000-000000000004', CURRENT_DATE - 5, CURRENT_DATE + 2,  'Pending'),
  ('60000000-0000-0000-0000-000000000002', '10000000-0000-0000-0000-000000000007', '30000000-0000-0000-0000-000000000002', CURRENT_DATE - 3, CURRENT_DATE + 4,  'Pending'),
  ('60000000-0000-0000-0000-000000000003', '10000000-0000-0000-0000-000000000012', '30000000-0000-0000-0000-000000000001', CURRENT_DATE - 1, CURRENT_DATE + 6,  'Pending'),
  ('60000000-0000-0000-0000-000000000004', '10000000-0000-0000-0000-000000000005', '30000000-0000-0000-0000-000000000010', CURRENT_DATE - 10, CURRENT_DATE - 3, 'Fulfilled'),
  ('60000000-0000-0000-0000-000000000005', '10000000-0000-0000-0000-000000000002', '30000000-0000-0000-0000-000000000007', CURRENT_DATE - 7, CURRENT_DATE,     'Cancelled');

-- FINES (historical + current overdue fines)
-- Historical fines (paid) from returned issues
INSERT INTO fine (fine_id, issue_id, amount, fine_date, payment_status, payment_date) VALUES
  ('70000000-0000-0000-0000-000000000001', '50000000-0000-0000-0000-000000000001', 25.00, CURRENT_DATE - 72, 'Paid',   CURRENT_DATE - 70),
  ('70000000-0000-0000-0000-000000000002', '50000000-0000-0000-0000-000000000004', 40.00, CURRENT_DATE - 51, 'Paid',   CURRENT_DATE - 49),
  ('70000000-0000-0000-0000-000000000003', '50000000-0000-0000-0000-000000000008', 15.00, CURRENT_DATE - 23, 'Paid',   CURRENT_DATE - 21),
  ('70000000-0000-0000-0000-000000000004', '50000000-0000-0000-0000-000000000015', 10.00, CURRENT_DATE - 42, 'Waived', NULL),
-- Unpaid fines for the currently overdue issues (Deepika Joshi — suspended)
  ('70000000-0000-0000-0000-000000000005', '50000000-0000-0000-0000-000000000031', (CURRENT_DATE - (CURRENT_DATE - 16)) * 5, CURRENT_DATE - 16, 'Unpaid', NULL),
  ('70000000-0000-0000-0000-000000000006', '50000000-0000-0000-0000-000000000032', (CURRENT_DATE - (CURRENT_DATE - 11)) * 5, CURRENT_DATE - 11, 'Unpaid', NULL),
-- Fix the fine amounts to concrete values
  ('70000000-0000-0000-0000-000000000007', '50000000-0000-0000-0000-000000000033', 15.00, CURRENT_DATE - 3,  'Unpaid', NULL);

-- Fix fine amounts for overdue issues (using actual day counts)
UPDATE fine SET amount = 16 * 5 WHERE fine_id = '70000000-0000-0000-0000-000000000005';
UPDATE fine SET amount = 11 * 5 WHERE fine_id = '70000000-0000-0000-0000-000000000006';
